USE BD1_TP1_TUIA;

INSERT INTO Sucursal
VALUES (1, 'Rosario'),
       (2, 'Cordoba'),
       (3, 'La Plata')


INSERT INTO Sala
VALUES (11, 1),(12, 1),(13, 1),
       (21, 2),(22, 2),(23, 2),
       (31, 3),(32, 3),(33, 3)


INSERT INTO Butaca
VALUES  ('111a1', 11, 1, 'a'),
	('111b1', 11, 1, 'b'),
	('111c1', 11, 1, 'c'),
	('111d1', 11, 1, 'd'),
	('111a2', 11, 2, 'a'),
	('111b2', 11, 2, 'b'),
	('111c2', 11, 2, 'c'),
	('111d2', 11, 2, 'd'),
	('111a3', 11, 3, 'a'),
	('111b3', 11, 3, 'b'),
	('111c3', 11, 3, 'c'),
	('111d3', 11, 3, 'd'),
	('111a4', 11, 4, 'a'),
	('111b4', 11, 4, 'b'),
	('111c4', 11, 4, 'c'),
	('111d4', 11, 4, 'd'),
	('111a5', 11, 5, 'a'),
	('111b5', 11, 5, 'b'),
	('111c5', 11, 5, 'c'),
	('111d5', 11, 5, 'd'),
	('112a1', 12, 1, 'a'),
	('112b1', 12, 1, 'b'),
	('112c1', 12, 1, 'c'),
	('112d1', 12, 1, 'd'),
	('112a2', 12, 2, 'a'),
	('112b2', 12, 2, 'b'),
	('112c2', 12, 2, 'c'),
	('112d2', 12, 2, 'd'),
	('112a3', 12, 3, 'a'),
	('112b3', 12, 3, 'b'),
	('112c3', 12, 3, 'c'),
	('112d3', 12, 3, 'd'),
	('112a4', 12, 4, 'a'),
	('112b4', 12, 4, 'b'),
	('112c4', 12, 4, 'c'),
	('112d4', 12, 4, 'd'),
	('112a5', 12, 5, 'a'),
	('112b5', 12, 5, 'b'),
	('112c5', 12, 5, 'c'),
	('112d5', 12, 5, 'd'),
	('113a1', 13, 1, 'a'),
	('113b1', 13, 1, 'b'),
	('113c1', 13, 1, 'c'),
	('113d1', 13, 1, 'd'),
	('113a2', 13, 2, 'a'),
	('113b2', 13, 2, 'b'),
	('113c2', 13, 2, 'c'),
	('113d2', 13, 2, 'd'),
	('113a3', 13, 3, 'a'),
	('113b3', 13, 3, 'b'),
	('113c3', 13, 3, 'c'),
	('113d3', 13, 3, 'd'),
	('113a4', 13, 4, 'a'),
	('113b4', 13, 4, 'b'),
	('113c4', 13, 4, 'c'),
	('113d4', 13, 4, 'd'),
	('113a5', 13, 5, 'a'),
	('113b5', 13, 5, 'b'),
	('113c5', 13, 5, 'c'),
	('113d5', 13, 5, 'd'),
	('221a1', 21, 1, 'a'),
	('221b1', 21, 1, 'b'),
	('221c1', 21, 1, 'c'),
	('221d1', 21, 1, 'd'),
	('221a2', 21, 2, 'a'),
	('221b2', 21, 2, 'b'),
	('221c2', 21, 2, 'c'),
	('221d2', 21, 2, 'd'),
	('221a3', 21, 3, 'a'),
	('221b3', 21, 3, 'b'),
	('221c3', 21, 3, 'c'),
	('221d3', 21, 3, 'd'),
	('221a4', 21, 4, 'a'),
	('221b4', 21, 4, 'b'),
	('221c4', 21, 4, 'c'),
	('221d4', 21, 4, 'd'),
	('221a5', 21, 5, 'a'),
	('221b5', 21, 5, 'b'),
	('221c5', 21, 5, 'c'),
	('221d5', 21, 5, 'd'),
	('222a1', 22, 1, 'a'),
	('222b1', 22, 1, 'b'),
	('222c1', 22, 1, 'c'),
	('222d1', 22, 1, 'd'),
	('222a2', 22, 2, 'a'),
	('222b2', 22, 2, 'b'),
	('222c2', 22, 2, 'c'),
	('222d2', 22, 2, 'd'),
	('222a3', 22, 3, 'a'),
	('222b3', 22, 3, 'b'),
	('222c3', 22, 3, 'c'),
	('222d3', 22, 3, 'd'),
	('222a4', 22, 4, 'a'),
	('222b4', 22, 4, 'b'),
	('222c4', 22, 4, 'c'),
	('222d4', 22, 4, 'd'),
	('222a5', 22, 5, 'a'),
	('222b5', 22, 5, 'b'),
	('222c5', 22, 5, 'c'),
	('222d5', 22, 5, 'd'),
	('223a1', 23, 1, 'a'),
	('223b1', 23, 1, 'b'),
	('223c1', 23, 1, 'c'),
	('223d1', 23, 1, 'd'),
	('223a2', 23, 2, 'a'),
	('223b2', 23, 2, 'b'),
	('223c2', 23, 2, 'c'),
	('223d2', 23, 2, 'd'),
	('223a3', 23, 3, 'a'),
	('223b3', 23, 3, 'b'),
	('223c3', 23, 3, 'c'),
	('223d3', 23, 3, 'd'),
	('223a4', 23, 4, 'a'),
	('223b4', 23, 4, 'b'),
	('223c4', 23, 4, 'c'),
	('223d4', 23, 4, 'd'),
	('223a5', 23, 5, 'a'),
	('223b5', 23, 5, 'b'),
	('223c5', 23, 5, 'c'),
	('223d5', 23, 5, 'd'),
	('331a1', 31, 1, 'a'),
	('331b1', 31, 1, 'b'),
	('331c1', 31, 1, 'c'),
	('331d1', 31, 1, 'd'),
	('331a2', 31, 2, 'a'),
	('331b2', 31, 2, 'b'),
	('331c2', 31, 2, 'c'),
	('331d2', 31, 2, 'd'),
	('331a3', 31, 3, 'a'),
	('331b3', 31, 3, 'b'),
	('331c3', 31, 3, 'c'),
	('331d3', 31, 3, 'd'),
	('331a4', 31, 4, 'a'),
	('331b4', 31, 4, 'b'),
	('331c4', 31, 4, 'c'),
	('331d4', 31, 4, 'd'),
	('331a5', 31, 5, 'a'),
	('331b5', 31, 5, 'b'),
	('331c5', 31, 5, 'c'),
	('331d5', 31, 5, 'd'),
	('332a1', 32, 1, 'a'),
	('332b1', 32, 1, 'b'),
	('332c1', 32, 1, 'c'),
	('332d1', 32, 1, 'd'),
	('332a2', 32, 2, 'a'),
	('332b2', 32, 2, 'b'),
	('332c2', 32, 2, 'c'),
	('332d2', 32, 2, 'd'),
	('332a3', 32, 3, 'a'),
	('332b3', 32, 3, 'b'),
	('332c3', 32, 3, 'c'),
	('332d3', 32, 3, 'd'),
	('332a4', 32, 4, 'a'),
	('332b4', 32, 4, 'b'),
	('332c4', 32, 4, 'c'),
	('332d4', 32, 4, 'd'),
	('332a5', 32, 5, 'a'),
	('332b5', 32, 5, 'b'),
	('332c5', 32, 5, 'c'),
	('332d5', 32, 5, 'd'),
	('333a1', 33, 1, 'a'),
	('333b1', 33, 1, 'b'),
	('333c1', 33, 1, 'c'),
	('333d1', 33, 1, 'd'),
	('333a2', 33, 2, 'a'),
	('333b2', 33, 2, 'b'),
	('333c2', 33, 2, 'c'),
	('333d2', 33, 2, 'd'),
	('333a3', 33, 3, 'a'),
	('333b3', 33, 3, 'b'),
	('333c3', 33, 3, 'c'),
	('333d3', 33, 3, 'd'),
	('333a4', 33, 4, 'a'),
	('333b4', 33, 4, 'b'),
	('333c4', 33, 4, 'c'),
	('333d4', 33, 4, 'd'),
	('333a5', 33, 5, 'a'),
	('333b5', 33, 5, 'b'),
	('333c5', 33, 5, 'c'),
	('333d5', 33, 5, 'd')


INSERT INTO Genero
VALUES (1, 'Ciencia ficcion'),
       (2, 'Animado'),
       (3, 'Drama'),
       (4, 'Fantasia'),
       (5, 'Terror'),
       (6, 'Romance'),
       (7, 'Comedia')


INSERT INTO Pelicula
VALUES (3412, 1, 'The Avengers', 1, 1),
       (9458, 1, 'Star Wars', 0, 1),
       (3101, 3, 'Argetina, 1985', 0, 0),
       (1711, 4, 'Edward Scissorhands', 1, 0),
       (4578, 2, 'My neighbor Tororo', 1, 1),
       (1120, 5, 'Sonrie', 1, 0),
       (9110, 6, 'Bajo la misma estrella', 0, 0),
       (0014, 7, 'Scary movie 5', 0, 0),
       (9812, 1, 'Chappie', 1, 0),
       (5012, 7, 'Son como niños 2', 1, 0),
       (4390, 2, 'Dragon Ball super Broly', 1, 1),
       (1001, 3, 'Parasite', 1, 0)



INSERT INTO Funciones
VALUES (98121, 3101, 13, '2022/10/24', '15:30:00'),
       (11237, 3412, 32, '2021/04/05', '18:00:00'),
       (20934, 4578, 21, '2022/10/30', '15:00:00'),
       (71022, 9458, 31, '2022/10/31', '20:00:00'),
       (39010, 1711, 22, '2022/04/06', '19:45:00'),
       (33411, 3101, 32, '2022/03/06', '20:45:00'),
       (82210, 9458, 31, '2022/07/22', '17:15:00'),
       (76749, 3101, 22, '2022/10/28', '17:00:00'),
       (10129, 1711, 11, '2022/10/31', '14:45:00'),
       (39011, 3412, 12, '2022/12/21', '18:15:00'),
       (39012, 4578, 33, '2022/01/21', '13:00:00'),
       (99013, 3101, 13, '2022/10/31', '19:00:00'),
       (11021, 1711, 12, '2022/09/09', '15:45:00'),
       (12201, 1001, 13, '2022/10/30', '19:30:00'),
       (10021, 4390, 32, '2022/09/15', '15:00:00'),
       (19822, 9812, 11, '2022/10/25', '18:45:00'),
       (12210, 1711, 31, '2022/11/06', '13:45:00'),
       (12223, 1120, 23, '2022/10/31', '18:30:00'),
       (50199, 5012, 13, '2022/11/02', '19:00:00'),
       (11123, 9110, 22, '2022/11/21', '14:30:00'),
       (11025, 0014, 21, '2022/10/26', '19:45:00'),
       (99102, 4390, 23, '2022/11/15', '17:45:00'),
       (31309, 1120, 22, '2022/10/30', '12:30:00'),
       (33310, 3101, 13, '2022/10/24', '18:45:00'),
       (00120, 3101, 21, '2022/10/24', '19:15:00'), 
       (011023, 3101, 22, '2022/10/24', '13:00:00'), 
       (120120, 3101, 33, '2022/10/24', '14:45:00'),
       (03191, 3412, 12, '2022/10/26', '15:15:00'), 
       (971207, 9458, 13, '2022/10/27', '18:45:00') 


INSERT INTO Usuario
VALUES (12235012, 'Robert Downey Jr.', 'ironman@gmail.com'),
       (233451, 'Mirta Legrand', 'lamirta@hotmail.com'),
       (44721345, 'Constantino Ferrucci', 'tinoferrucci@gmail.com'),
       (4733901, 'Alberto Fernandez', 'elarbertito@gmail.com'),
       (178125, 'Jesus de Nazareth', 'Jisus123@hotmail.com'),
       (50123300, 'Edgar Alan Poe', 'alanpoe21@gmail.com'),
       (25688911, 'Dwayne Johnson', 'therock144@gmail.com')


INSERT INTO Entrada
VALUES (200121, '113b2', 98121, 12235012, 570),
       (133029, '332b3', 11237, 12235012, 430),
       (410011, '221a2', 20934, 25688911, 200),
       (100451, '331d4', 71022, 44721345, 450),
       (199192, '112d5', 11021, 233451, 210),
       (433010, '222c3', 39010, 50123300, 710),
       (433012, '112a3', 39011, 25688911, 110),
       (312331, '113d2', 50199, 233451, 250),
       (422123, '113b3', 98121, 44721345, 510),
       (433019, '222a5', 39010, 233451, 310),
       (433102, '332d5', 33411, 44721345, 460),
       (110231, '332c2', 33411, 233451, 410),
       (431110, '223d1', 12223, 25688911, 810),
       (900121, '221a5', 11025, 178125, 410),
       (433067, '222c3', 39010, 233451, 540),
       (99120312, '222c3', 011023, 233451, 540),
       (19912312, '222b3', 011023, 25688911, 440),
       (1001231, '222a1', 011023, 44721345, 640)
       
       
